"category","total_sales","total_profit","total_quantity"
Furniture,741999.7953,18451.2727999999933410,8028
Office Supplies,719047.0320,122490.8007999999985225,22906
Technology,836154.0330,145454.9480999999968420,6939
